ts,dpid,port,tx_mbps,util
1791115569.477,6,1,0.001,0.000
1791115569.477,6,2,0.005,0.000
1791115569.477,4,1,0.001,0.000
1791115569.477,4,2,0.009,0.000
1791115569.478,5,1,0.001,0.000
1791115569.478,5,2,0.004,0.000
1791115569.478,3,1,0.002,0.000
1791115569.478,3,2,0.001,0.000
1791115569.478,1,1,0.008,0.000
1791115569.478,1,2,0.004,0.000
1791115569.478,2,1,0.001,0.000
1791115569.478,2,2,0.009,0.001
1791115570.479,4,1,0.008,0.000
1791115570.479,4,2,0.005,0.000
1791115570.480,2,1,0.012,0.000
1791115570.480,2,2,0.005,0.000
1791115570.480,5,1,0.008,0.000
1791115570.480,5,2,0.010,0.001
1791115570.480,1,1,0.006,0.000
1791115570.480,1,2,0.010,0.000
1791115570.480,3,1,0.010,0.000
1791115570.480,3,2,0.010,0.001
1791115570.480,6,1,0.012,0.000
1791115570.480,6,2,0.009,0.001
1791115571.481,4,1,0.006,0.000
1791115571.481,4,2,0.002,0.000
1791115571.482,5,1,0.006,0.000
1791115571.482,5,2,0.002,0.000
1791115571.482,6,1,0.002,0.000
1791115571.482,6,2,0.002,0.000
1791115571.482,1,1,0.002,0.000
1791115571.482,1,2,0.002,0.000
1791115571.482,2,1,0.002,0.000
1791115571.482,2,2,0.002,0.000
1791115571.482,3,1,0.003,0.000
1791115571.482,3,2,0.003,0.000
1791115572.484,4,1,0.002,0.000
1791115572.484,4,2,0.002,0.000
1791115572.484,2,1,0.002,0.000
1791115572.484,2,2,0.002,0.000
1791115572.485,6,1,0.002,0.000
1791115572.485,6,2,0.002,0.000
1791115572.485,5,1,0.002,0.000
1791115572.485,5,2,0.002,0.000
1791115572.485,1,1,0.002,0.000
1791115572.485,1,2,0.002,0.000
1791115572.485,3,1,0.000,0.000
1791115572.485,3,2,0.002,0.000
1791115573.485,4,1,0.002,0.000
1791115573.485,4,2,0.002,0.000
1791115573.486,3,1,0.002,0.000
1791115573.486,3,2,0.002,0.000
1791115573.486,6,1,0.002,0.000
1791115573.486,6,2,0.002,0.000
1791115573.486,2,1,0.002,0.000
1791115573.486,2,2,0.002,0.000
1791115573.486,5,1,0.002,0.000
1791115573.486,5,2,0.002,0.000
1791115573.486,1,1,0.002,0.000
1791115573.486,1,2,0.002,0.000
1791115574.489,4,1,0.002,0.000
1791115574.489,4,2,0.000,0.000
1791115574.490,5,1,0.002,0.000
1791115574.490,5,2,0.000,0.000
1791115574.491,2,1,0.002,0.000
1791115574.491,2,2,0.000,0.000
1791115574.491,3,1,0.002,0.000
1791115574.491,3,2,0.002,0.000
1791115574.491,6,1,0.002,0.000
1791115574.491,6,2,0.000,0.000
1791115574.491,1,1,0.000,0.000
1791115574.491,1,2,0.001,0.000
1791115575.490,6,1,0.000,0.000
1791115575.490,6,2,0.000,0.000
1791115575.490,4,1,0.000,0.000
1791115575.490,4,2,0.000,0.000
1791115575.490,3,1,0.000,0.000
1791115575.490,3,2,0.000,0.000
1791115575.490,2,1,0.000,0.000
1791115575.490,2,2,0.000,0.000
1791115575.490,5,1,0.000,0.000
1791115575.490,5,2,0.000,0.000
1791115575.490,1,1,0.001,0.000
1791115575.490,1,2,0.000,0.000
1791115576.493,4,1,0.000,0.000
1791115576.493,4,2,0.002,0.000
1791115576.495,3,1,0.000,0.000
1791115576.495,3,2,0.000,0.000
1791115576.495,5,1,0.000,0.000
1791115576.495,5,2,0.002,0.000
1791115576.495,6,1,0.000,0.000
1791115576.495,6,2,0.002,0.000
1791115576.495,2,1,0.000,0.000
1791115576.495,2,2,0.002,0.000
1791115576.496,1,1,0.002,0.000
1791115576.496,1,2,0.002,0.000
1791115577.493,4,1,0.006,0.000
1791115577.493,4,2,0.001,0.000
1791115577.493,6,1,0.002,0.000
1791115577.493,6,2,0.000,0.000
1791115577.493,1,1,0.012,0.000
1791115577.493,1,2,0.000,0.000
1791115577.494,3,1,0.002,0.000
1791115577.494,3,2,0.002,0.000
1791115577.494,5,1,0.006,0.000
1791115577.494,5,2,0.005,0.000
1791115577.494,2,1,0.006,0.000
1791115577.494,2,2,0.005,0.000
1791115578.495,4,1,0.008,0.000
1791115578.495,4,2,0.000,0.000
1791115578.496,3,1,0.000,0.000
1791115578.496,3,2,0.000,0.000
1791115578.497,6,1,0.000,0.000
1791115578.497,6,2,0.000,0.000
1791115578.497,2,1,0.008,0.000
1791115578.497,2,2,0.008,0.001
1791115578.497,5,1,0.008,0.000
1791115578.497,5,2,0.008,0.001
1791115578.497,1,1,0.007,0.000
1791115578.497,1,2,0.000,0.000
1791115579.495,4,1,0.008,0.000
1791115579.495,4,2,0.007,0.000
1791115579.495,2,1,0.008,0.000
1791115579.495,2,2,0.009,0.001
1791115579.495,6,1,0.000,0.000
1791115579.495,6,2,0.000,0.000
1791115579.495,3,1,0.000,0.000
1791115579.495,3,2,0.000,0.000
1791115579.495,5,1,0.008,0.000
1791115579.495,5,2,0.008,0.001
1791115579.495,1,1,0.008,0.000
1791115579.495,1,2,0.000,0.000
1791115580.498,4,1,0.008,0.000
1791115580.498,4,2,0.000,0.000
1791115580.499,2,1,0.008,0.000
1791115580.499,2,2,0.008,0.001
1791115580.499,5,1,0.008,0.000
1791115580.499,5,2,0.008,0.001
1791115580.499,6,1,0.000,0.000
1791115580.499,6,2,0.000,0.000
1791115580.499,3,1,0.000,0.000
1791115580.499,3,2,0.000,0.000
1791115580.499,1,1,0.008,0.000
1791115580.499,1,2,0.000,0.000
1791115581.500,4,1,0.007,0.000
1791115581.500,4,2,0.000,0.000
1791115581.500,5,1,0.007,0.000
1791115581.500,5,2,0.007,0.001
1791115581.500,3,1,0.000,0.000
1791115581.500,3,2,0.000,0.000
1791115581.500,1,1,0.008,0.000
1791115581.500,1,2,0.000,0.000
1791115581.500,2,1,0.007,0.000
1791115581.500,2,2,0.008,0.001
1791115581.500,6,1,0.000,0.000
1791115581.500,6,2,0.001,0.000
1791115582.498,4,1,0.008,0.000
1791115582.498,4,2,0.014,0.000
1791115582.500,2,1,0.008,0.000
1791115582.500,2,2,0.015,0.001
1791115582.500,6,1,0.000,0.000
1791115582.500,6,2,0.000,0.000
1791115582.500,5,1,0.008,0.000
1791115582.500,5,2,0.008,0.001
1791115582.500,3,1,0.001,0.000
1791115582.500,3,2,0.001,0.000
1791115582.501,1,1,0.021,0.000
1791115582.501,1,2,0.001,0.000
1791115583.503,4,1,0.008,0.000
1791115583.503,4,2,0.001,0.000
1791115583.504,3,1,0.000,0.000
1791115583.504,3,2,0.000,0.000
1791115583.504,6,1,0.001,0.000
1791115583.504,6,2,0.000,0.000
1791115583.504,5,1,0.008,0.000
1791115583.504,5,2,0.009,0.001
1791115583.504,2,1,0.008,0.000
1791115583.504,2,2,0.008,0.001
1791115583.504,1,1,0.008,0.000
1791115583.504,1,2,0.000,0.000
1791115584.507,4,1,0.008,0.000
1791115584.507,4,2,0.015,0.000
1791115584.509,5,1,0.008,0.000
1791115584.509,5,2,0.016,0.002
1791115584.509,6,1,0.000,0.000
1791115584.509,6,2,0.010,0.001
1791115584.509,3,1,0.000,0.000
1791115584.509,3,2,0.000,0.000
1791115584.509,2,1,0.008,0.000
1791115584.509,2,2,0.016,0.002
1791115584.510,1,1,0.023,0.000
1791115584.510,1,2,0.002,0.000
1791115585.507,4,1,0.009,0.000
1791115585.507,4,2,0.000,0.000
1791115585.508,6,1,0.002,0.000
1791115585.508,6,2,0.000,0.000
1791115585.508,3,1,0.002,0.000
1791115585.508,3,2,0.002,0.000
1791115585.508,5,1,0.009,0.000
1791115585.508,5,2,0.008,0.001
1791115585.509,1,1,0.008,0.000
1791115585.509,1,2,0.000,0.000
1791115585.509,2,1,0.009,0.000
1791115585.509,2,2,0.008,0.001
1791115586.509,4,1,0.008,0.000
1791115586.509,4,2,0.000,0.000
1791115586.511,6,1,0.000,0.000
1791115586.511,6,2,0.000,0.000
1791115586.511,2,1,0.007,0.000
1791115586.511,2,2,0.008,0.001
1791115586.511,1,1,0.008,0.000
1791115586.511,1,2,0.000,0.000
1791115586.511,3,1,0.000,0.000
1791115586.511,3,2,0.000,0.000
1791115586.511,5,1,0.008,0.000
1791115586.511,5,2,0.007,0.001
1791115587.509,4,1,0.005,0.000
1791115587.509,4,2,0.000,0.000
1791115587.510,3,1,0.000,0.000
1791115587.510,3,2,0.000,0.000
1791115587.510,2,1,0.005,0.000
1791115587.510,2,2,6.163,0.616
1791115587.510,1,1,10.037,0.100
1791115587.510,1,2,0.001,0.000
1791115587.510,5,1,6.154,0.062
1791115587.510,5,2,0.005,0.001
1791115587.510,6,1,0.000,0.000
1791115587.510,6,2,0.000,0.000
1791115588.510,4,1,0.003,0.000
1791115588.510,4,2,0.000,0.000
1791115588.510,6,1,0.000,0.000
1791115588.510,6,2,0.000,0.000
1791115588.510,2,1,0.003,0.000
1791115588.510,2,2,10.007,1.001
1791115588.510,5,1,10.007,0.100
1791115588.510,5,2,0.003,0.000
1791115588.510,1,1,16.204,0.162
1791115588.510,1,2,0.000,0.000
1791115588.510,3,1,0.000,0.000
1791115588.510,3,2,0.000,0.000
1791115589.512,6,1,0.000,0.000
1791115589.512,6,2,0.007,0.001
1791115589.512,4,1,0.001,0.000
1791115589.512,4,2,0.014,0.000
1791115589.512,3,1,0.001,0.000
1791115589.512,3,2,0.000,0.000
1791115589.513,5,1,10.006,0.100
1791115589.513,5,2,0.008,0.001
1791115589.513,2,1,0.001,0.000
1791115589.513,2,2,9.993,0.999
1791115589.513,1,1,16.194,0.162
1791115589.513,1,2,0.007,0.000
1791115590.513,4,1,0.000,0.000
1791115590.513,4,2,0.007,0.000
1791115590.514,3,1,0.008,0.000
1791115590.514,3,2,0.007,0.001
1791115590.514,5,1,9.989,0.100
1791115590.514,5,2,0.000,0.000
1791115590.514,1,1,16.174,0.162
1791115590.514,1,2,0.008,0.000
1791115590.514,6,1,0.007,0.000
1791115590.514,6,2,0.007,0.001
1791115590.514,2,1,0.000,0.000
1791115590.514,2,2,10.001,1.000
1791115591.517,4,1,0.000,0.000
1791115591.517,4,2,0.008,0.000
1791115591.517,6,1,0.008,0.000
1791115591.517,6,2,0.008,0.001
1791115591.518,5,1,9.497,0.095
1791115591.518,5,2,0.000,0.000
1791115591.518,2,1,0.000,0.000
1791115591.518,2,2,9.497,0.950
1791115591.518,3,1,0.008,0.000
1791115591.518,3,2,0.008,0.001
1791115591.518,1,1,16.185,0.162
1791115591.518,1,2,0.007,0.000
1791115592.519,4,1,0.000,0.000
1791115592.519,4,2,0.015,0.000
1791115592.519,6,1,0.016,0.000
1791115592.519,6,2,0.015,0.001
1791115592.520,5,1,9.999,0.100
1791115592.520,5,2,0.007,0.001
1791115592.520,2,1,0.001,0.000
1791115592.520,2,2,9.988,0.999
1791115592.520,3,1,0.015,0.000
1791115592.520,3,2,0.008,0.001
1791115592.521,1,1,16.169,0.162
1791115592.521,1,2,0.015,0.000
1791115593.520,4,1,0.000,0.000
1791115593.520,4,2,0.008,0.000
1791115593.520,1,1,16.201,0.162
1791115593.520,1,2,0.008,0.000
1791115593.520,6,1,0.008,0.000
1791115593.520,6,2,0.008,0.001
1791115593.520,5,1,10.004,0.100
1791115593.520,5,2,0.000,0.000
1791115593.520,2,1,0.001,0.000
1791115593.520,2,2,10.017,1.002
1791115593.520,3,1,0.008,0.000
1791115593.520,3,2,0.008,0.001
1791115594.521,4,1,0.000,0.000
1791115594.521,4,2,0.008,0.000
1791115594.522,3,1,0.014,0.000
1791115594.522,3,2,0.016,0.002
1791115594.522,2,1,0.007,0.000
1791115594.522,2,2,10.002,1.000
1791115594.522,6,1,0.015,0.000
1791115594.522,6,2,0.014,0.001
1791115594.522,1,1,16.171,0.162
1791115594.522,1,2,0.015,0.000
1791115594.522,5,1,10.001,0.100
1791115594.522,5,2,0.007,0.001
1791115595.524,4,1,0.000,0.000
1791115595.524,4,2,0.007,0.000
1791115595.524,3,1,0.008,0.000
1791115595.524,3,2,0.007,0.001
1791115595.524,5,1,10.006,0.100
1791115595.524,5,2,0.000,0.000
1791115595.524,2,1,0.000,0.000
1791115595.524,2,2,10.003,1.000
1791115595.524,1,1,16.184,0.162
1791115595.524,1,2,0.007,0.000
1791115595.524,6,1,0.007,0.000
1791115595.524,6,2,0.008,0.001
1791115596.526,4,1,0.000,0.000
1791115596.526,4,2,0.008,0.000
1791115596.526,6,1,0.008,0.000
1791115596.526,6,2,0.008,0.001
1791115596.526,3,1,0.008,0.000
1791115596.526,3,2,0.008,0.001
1791115596.526,5,1,9.994,0.100
1791115596.526,5,2,0.000,0.000
1791115596.526,2,1,0.000,0.000
1791115596.526,2,2,9.994,0.999
1791115596.526,1,1,16.172,0.162
1791115596.526,1,2,0.008,0.000
1791115597.527,3,1,0.008,0.000
1791115597.527,3,2,0.008,0.001
1791115597.527,6,1,0.008,0.000
1791115597.527,6,2,0.008,0.001
1791115597.527,4,1,0.001,0.000
1791115597.527,4,2,0.008,0.000
1791115597.527,5,1,10.010,0.100
1791115597.527,5,2,0.000,0.000
1791115597.529,2,1,0.000,0.000
1791115597.529,2,2,9.990,0.999
1791115597.529,1,1,16.157,0.162
1791115597.529,1,2,0.008,0.000
1791115598.528,4,1,0.028,0.000
1791115598.528,4,2,0.008,0.000
1791115598.528,5,1,10.018,0.100
1791115598.528,5,2,0.001,0.000
1791115598.528,2,1,0.021,0.000
1791115598.528,2,2,10.010,1.001
1791115598.528,3,1,0.022,0.000
1791115598.528,3,2,0.029,0.003
1791115598.528,6,1,0.022,0.000
1791115598.528,6,2,0.008,0.001
1791115598.528,1,1,16.206,0.162
1791115598.528,1,2,0.015,0.000
1791115599.530,4,1,0.001,0.000
1791115599.530,4,2,0.008,0.000
1791115599.530,5,1,9.997,0.100
1791115599.530,5,2,0.000,0.000
1791115599.530,3,1,0.008,0.000
1791115599.530,3,2,0.008,0.001
1791115599.530,2,1,0.000,0.000
1791115599.530,2,2,9.997,1.000
1791115599.530,6,1,0.008,0.000
1791115599.530,6,2,0.008,0.001
1791115599.530,1,1,16.168,0.162
1791115599.530,1,2,0.008,0.000
1791115600.530,4,1,0.000,0.000
1791115600.530,4,2,0.009,0.000
1791115600.531,6,1,0.008,0.000
1791115600.531,6,2,0.009,0.001
1791115600.531,5,1,10.009,0.100
1791115600.531,5,2,0.002,0.000
1791115600.531,2,1,0.001,0.000
1791115600.531,2,2,10.009,1.001
1791115600.531,1,1,16.190,0.162
1791115600.531,1,2,0.009,0.000
1791115600.531,3,1,0.007,0.000
1791115600.531,3,2,0.008,0.001
1791115601.532,2,1,0.002,0.000
1791115601.532,2,2,9.997,1.000
1791115601.533,5,1,9.999,0.100
1791115601.533,5,2,0.000,0.000
1791115601.533,4,1,0.002,0.000
1791115601.533,4,2,0.008,0.000
1791115601.533,3,1,0.009,0.000
1791115601.533,3,2,0.009,0.001
1791115601.533,1,1,16.166,0.162
1791115601.533,1,2,0.007,0.000
1791115601.533,6,1,0.009,0.000
1791115601.533,6,2,0.008,0.001
1791115602.532,3,1,0.008,0.000
1791115602.532,3,2,0.008,0.001
1791115602.533,2,1,0.000,0.000
1791115602.533,2,2,9.990,0.999
1791115602.533,4,1,0.000,0.000
1791115602.533,4,2,0.008,0.000
1791115602.533,5,1,10.003,0.100
1791115602.533,5,2,0.000,0.000
1791115602.533,6,1,0.008,0.000
1791115602.533,6,2,0.008,0.001
1791115602.533,1,1,16.183,0.162
1791115602.533,1,2,0.008,0.000
1791115603.533,3,1,0.008,0.000
1791115603.533,3,2,0.008,0.001
1791115603.533,6,1,0.008,0.000
1791115603.533,6,2,0.008,0.001
1791115603.533,4,1,0.000,0.000
1791115603.533,4,2,0.008,0.000
1791115603.533,5,1,9.996,0.100
1791115603.533,5,2,0.000,0.000
1791115603.533,2,1,0.000,0.000
1791115603.533,2,2,10.008,1.001
1791115603.533,1,1,16.185,0.162
1791115603.533,1,2,0.008,0.000
1791115604.534,4,1,0.000,0.000
1791115604.534,4,2,0.008,0.000
1791115604.534,6,1,0.008,0.000
1791115604.534,6,2,0.008,0.001
1791115604.534,3,1,0.008,0.000
1791115604.534,3,2,0.008,0.001
1791115604.534,5,1,9.995,0.100
1791115604.534,5,2,0.000,0.000
1791115604.534,1,1,16.171,0.162
1791115604.534,1,2,0.008,0.000
1791115604.534,2,1,0.000,0.000
1791115604.534,2,2,9.995,0.999
1791115605.534,4,1,0.000,0.000
1791115605.534,4,2,0.008,0.000
1791115605.535,5,1,10.010,0.100
1791115605.535,5,2,0.000,0.000
1791115605.535,2,1,0.000,0.000
1791115605.535,2,2,10.010,1.001
1791115605.535,3,1,0.007,0.000
1791115605.535,3,2,0.008,0.001
1791115605.535,6,1,0.008,0.000
1791115605.535,6,2,0.007,0.001
1791115605.535,1,1,16.183,0.162
1791115605.535,1,2,0.008,0.000
1791115606.535,3,1,0.008,0.000
1791115606.535,3,2,0.007,0.001
1791115606.535,4,1,0.000,0.000
1791115606.535,4,2,0.007,0.000
1791115606.535,6,1,0.007,0.000
1791115606.535,6,2,0.008,0.001
1791115606.535,2,1,0.000,0.000
1791115606.535,2,2,9.997,1.000
1791115606.535,1,1,16.177,0.162
1791115606.535,1,2,0.007,0.000
1791115606.536,5,1,9.994,0.100
1791115606.536,5,2,0.000,0.000
1791115607.535,4,1,0.000,0.000
1791115607.535,4,2,0.008,0.000
1791115607.536,6,1,0.008,0.000
1791115607.536,6,2,0.008,0.001
1791115607.536,2,1,0.000,0.000
1791115607.536,2,2,9.999,1.000
1791115607.536,5,1,10.000,0.100
1791115607.536,5,2,0.000,0.000
1791115607.536,3,1,0.008,0.000
1791115607.536,3,2,0.008,0.001
1791115607.536,1,1,16.175,0.162
1791115607.536,1,2,0.008,0.000
1791115608.536,4,1,0.000,0.000
1791115608.536,4,2,0.008,0.000
1791115608.536,3,1,0.008,0.000
1791115608.536,3,2,0.008,0.001
1791115608.536,6,1,0.008,0.000
1791115608.536,6,2,0.008,0.001
1791115608.536,5,1,10.002,0.100
1791115608.536,5,2,0.000,0.000
1791115608.536,2,1,0.000,0.000
1791115608.536,2,2,9.999,1.000
1791115608.536,1,1,16.182,0.162
1791115608.536,1,2,0.008,0.000
1791115609.536,4,1,0.000,0.000
1791115609.536,4,2,0.008,0.000
1791115609.536,6,1,0.008,0.000
1791115609.536,6,2,0.007,0.001
1791115609.536,3,1,0.007,0.000
1791115609.536,3,2,0.008,0.001
1791115609.536,5,1,10.001,0.100
1791115609.536,5,2,0.000,0.000
1791115609.536,2,1,0.000,0.000
1791115609.536,2,2,10.002,1.000
1791115609.536,1,1,16.181,0.162
1791115609.536,1,2,0.008,0.000
1791115610.538,4,1,0.000,0.000
1791115610.538,4,2,0.007,0.000
1791115610.539,1,1,16.171,0.162
1791115610.539,1,2,0.007,0.000
1791115610.539,3,1,0.008,0.000
1791115610.539,3,2,0.007,0.001
1791115610.539,5,1,9.989,0.100
1791115610.539,5,2,0.000,0.000
1791115610.539,2,1,0.000,0.000
1791115610.539,2,2,9.989,0.999
1791115610.539,6,1,0.007,0.000
1791115610.539,6,2,0.008,0.001
1791115611.540,6,1,0.008,0.000
1791115611.540,6,2,0.008,0.001
1791115611.540,4,1,0.000,0.000
1791115611.540,4,2,0.008,0.000
1791115611.540,5,1,10.001,0.100
1791115611.540,5,2,0.000,0.000
1791115611.540,2,1,0.000,0.000
1791115611.540,2,2,10.001,1.000
1791115611.541,1,1,16.180,0.162
1791115611.541,1,2,0.008,0.000
1791115611.541,3,1,0.008,0.000
1791115611.541,3,2,0.008,0.001
1791115612.541,6,1,0.008,0.000
1791115612.541,6,2,0.008,0.001
1791115612.541,4,1,0.000,0.000
1791115612.541,4,2,0.008,0.000
1791115612.541,2,1,0.000,0.000
1791115612.541,2,2,10.007,1.001
1791115612.541,3,1,0.008,0.000
1791115612.541,3,2,0.008,0.001
1791115612.541,5,1,10.005,0.100
1791115612.541,5,2,0.000,0.000
1791115612.541,1,1,16.181,0.162
1791115612.541,1,2,0.008,0.000
1791115613.541,4,1,0.000,0.000
1791115613.541,4,2,0.008,0.000
1791115613.541,5,1,10.004,0.100
1791115613.541,5,2,0.000,0.000
1791115613.541,6,1,0.008,0.000
1791115613.541,6,2,0.008,0.001
1791115613.541,3,1,0.008,0.000
1791115613.541,3,2,0.008,0.001
1791115613.541,2,1,0.000,0.000
1791115613.541,2,2,10.003,1.000
1791115613.541,1,1,16.172,0.162
1791115613.541,1,2,0.008,0.000
1791115614.542,4,1,0.000,0.000
1791115614.542,4,2,0.008,0.000
1791115614.542,6,1,0.008,0.000
1791115614.542,6,2,0.008,0.001
1791115614.543,2,1,0.000,0.000
1791115614.543,2,2,9.992,0.999
1791115614.543,1,1,16.177,0.162
1791115614.543,1,2,0.008,0.000
1791115614.543,5,1,10.003,0.100
1791115614.543,5,2,0.000,0.000
1791115614.543,3,1,0.008,0.000
1791115614.543,3,2,0.008,0.001
1791115615.543,4,1,0.000,0.000
1791115615.543,4,2,0.007,0.000
1791115615.543,3,1,0.007,0.000
1791115615.543,3,2,0.007,0.001
1791115615.543,5,1,9.997,0.100
1791115615.543,5,2,0.000,0.000
1791115615.543,6,1,0.007,0.000
1791115615.543,6,2,0.007,0.001
1791115615.543,2,1,0.000,0.000
1791115615.543,2,2,10.007,1.001
1791115615.544,1,1,16.183,0.162
1791115615.544,1,2,0.008,0.000
1791115616.544,4,1,0.000,0.000
1791115616.544,4,2,0.008,0.000
1791115616.544,1,1,16.171,0.162
1791115616.544,1,2,0.007,0.000
1791115616.544,5,1,9.993,0.100
1791115616.544,5,2,0.000,0.000
1791115616.544,6,1,0.008,0.000
1791115616.544,6,2,0.008,0.001
1791115616.544,2,1,0.000,0.000
1791115616.544,2,2,9.994,0.999
1791115616.544,3,1,0.008,0.000
1791115616.544,3,2,0.008,0.001
1791115617.545,4,1,0.012,0.000
1791115617.545,4,2,0.008,0.000
1791115617.545,3,1,0.008,0.000
1791115617.545,3,2,0.008,0.001
1791115617.546,1,1,5.766,0.058
1791115617.546,1,2,0.008,0.000
1791115617.546,5,1,4.836,0.048
1791115617.546,5,2,0.012,0.001
1791115617.546,2,1,0.012,0.000
1791115617.546,2,2,4.824,0.482
1791115617.546,6,1,0.008,0.000
1791115617.546,6,2,0.008,0.001
1791115618.549,4,1,0.000,0.000
1791115618.549,4,2,0.008,0.000
1791115618.550,6,1,0.008,0.000
1791115618.550,6,2,0.008,0.001
1791115618.551,2,1,0.000,0.000
1791115618.551,2,2,0.000,0.000
1791115618.552,5,1,0.000,0.000
1791115618.552,5,2,0.000,0.000
1791115618.552,3,1,0.008,0.000
1791115618.552,3,2,0.008,0.001
1791115618.552,1,1,0.000,0.000
1791115618.552,1,2,0.008,0.000
1791115619.551,3,1,0.008,0.000
1791115619.551,3,2,0.008,0.001
1791115619.551,5,1,0.000,0.000
1791115619.551,5,2,0.000,0.000
1791115619.551,2,1,0.000,0.000
1791115619.551,2,2,0.000,0.000
1791115619.551,1,1,0.000,0.000
1791115619.551,1,2,0.008,0.000
1791115619.551,6,1,0.008,0.000
1791115619.551,6,2,0.008,0.001
1791115619.551,4,1,0.000,0.000
1791115619.551,4,2,0.008,0.000
1791115620.553,4,1,0.007,0.000
1791115620.553,4,2,0.000,0.000
1791115620.554,5,1,0.007,0.000
1791115620.554,5,2,0.007,0.001
1791115620.554,6,1,0.000,0.000
1791115620.554,6,2,0.000,0.000
1791115620.554,3,1,0.000,0.000
1791115620.554,3,2,0.000,0.000
1791115620.554,2,1,0.007,0.000
1791115620.554,2,2,0.007,0.001
1791115620.555,1,1,0.008,0.000
1791115620.555,1,2,0.000,0.000
1791115621.554,4,1,0.008,0.000
1791115621.554,4,2,0.000,0.000
1791115621.555,3,1,0.000,0.000
1791115621.555,3,2,0.000,0.000
1791115621.555,5,1,0.008,0.000
1791115621.555,5,2,0.008,0.001
1791115621.555,2,1,0.008,0.000
1791115621.555,2,2,0.008,0.001
1791115621.555,6,1,0.000,0.000
1791115621.555,6,2,0.000,0.000
1791115621.556,1,1,0.007,0.000
1791115621.556,1,2,0.000,0.000
1791115622.558,4,1,0.008,0.000
1791115622.558,4,2,0.000,0.000
1791115622.560,6,1,0.000,0.000
1791115622.560,6,2,0.000,0.000
1791115622.560,2,1,0.008,0.000
1791115622.560,2,2,0.008,0.001
1791115622.560,5,1,0.008,0.000
1791115622.560,5,2,0.008,0.001
1791115622.561,1,1,0.008,0.000
1791115622.561,1,2,0.000,0.000
1791115622.561,3,1,0.000,0.000
1791115622.561,3,2,0.000,0.000
1791115623.558,4,1,0.008,0.000
1791115623.558,4,2,0.000,0.000
1791115623.560,5,1,0.008,0.000
1791115623.560,5,2,0.008,0.001
1791115623.560,6,1,0.000,0.000
1791115623.560,6,2,0.000,0.000
1791115623.560,3,1,0.000,0.000
1791115623.560,3,2,0.000,0.000
1791115623.560,2,1,0.008,0.000
1791115623.560,2,2,0.008,0.001
1791115623.560,1,1,0.008,0.000
1791115623.560,1,2,0.000,0.000
1791115624.559,4,1,0.007,0.000
1791115624.559,4,2,0.000,0.000
1791115624.561,5,1,0.007,0.000
1791115624.561,5,2,0.007,0.001
1791115624.561,1,1,0.007,0.000
1791115624.561,1,2,0.000,0.000
1791115624.561,6,1,0.000,0.000
1791115624.561,6,2,0.000,0.000
1791115624.561,2,1,0.007,0.000
1791115624.561,2,2,0.007,0.001
1791115624.561,3,1,0.000,0.000
1791115624.561,3,2,0.000,0.000
1791115625.559,4,1,0.008,0.000
1791115625.559,4,2,0.000,0.000
1791115625.560,6,1,0.000,0.000
1791115625.560,6,2,0.000,0.000
1791115625.560,3,1,0.000,0.000
1791115625.560,3,2,0.000,0.000
1791115625.560,2,1,0.008,0.000
1791115625.560,2,2,0.008,0.001
1791115625.560,5,1,0.008,0.000
1791115625.560,5,2,0.008,0.001
1791115625.560,1,1,0.008,0.000
1791115625.560,1,2,0.000,0.000
1791115626.561,4,1,0.008,0.000
1791115626.561,4,2,0.000,0.000
1791115626.563,6,1,0.000,0.000
1791115626.563,6,2,0.000,0.000
1791115626.563,3,1,0.000,0.000
1791115626.563,3,2,0.000,0.000
1791115626.563,1,1,0.008,0.000
1791115626.563,1,2,0.000,0.000
1791115626.563,5,1,0.008,0.000
1791115626.563,5,2,0.008,0.001
1791115626.564,2,1,0.008,0.000
1791115626.564,2,2,0.008,0.001
1791115627.562,4,1,0.007,0.000
1791115627.562,4,2,0.000,0.000
1791115627.563,5,1,0.007,0.000
1791115627.563,5,2,0.007,0.001
1791115627.563,6,1,0.000,0.000
1791115627.563,6,2,0.000,0.000
1791115627.563,2,1,0.007,0.000
1791115627.563,2,2,0.008,0.001
1791115627.563,3,1,0.000,0.000
1791115627.563,3,2,0.000,0.000
1791115627.564,1,1,0.008,0.000
1791115627.564,1,2,0.000,0.000
1791115628.566,4,1,0.008,0.000
1791115628.566,4,2,0.000,0.000
1791115628.567,1,1,0.007,0.000
1791115628.567,1,2,0.000,0.000
1791115628.568,2,1,0.008,0.000
1791115628.568,2,2,0.008,0.001
1791115628.568,3,1,0.000,0.000
1791115628.568,3,2,0.000,0.000
1791115628.568,5,1,0.008,0.000
1791115628.568,5,2,0.008,0.001
1791115628.568,6,1,0.000,0.000
1791115628.568,6,2,0.000,0.000
1791115629.567,4,1,0.008,0.000
1791115629.567,4,2,0.000,0.000
1791115629.569,2,1,0.008,0.000
1791115629.569,2,2,0.008,0.001
1791115629.569,1,1,0.008,0.000
1791115629.569,1,2,0.000,0.000
1791115629.569,6,1,0.000,0.000
1791115629.569,6,2,0.000,0.000
1791115629.569,3,1,0.000,0.000
1791115629.569,3,2,0.001,0.000
1791115629.569,5,1,0.008,0.000
1791115629.569,5,2,0.008,0.001
1791115630.568,4,1,0.007,0.000
1791115630.568,4,2,0.000,0.000
1791115630.569,2,1,0.007,0.000
1791115630.569,2,2,0.007,0.001
1791115630.569,3,1,0.000,0.000
1791115630.569,3,2,0.000,0.000
1791115630.569,6,1,0.000,0.000
1791115630.569,6,2,0.001,0.000
1791115630.569,5,1,0.007,0.000
1791115630.569,5,2,0.008,0.001
1791115630.569,1,1,0.008,0.000
1791115630.569,1,2,0.001,0.000
1791115631.570,4,1,0.008,0.000
1791115631.570,4,2,0.000,0.000
1791115631.572,6,1,0.000,0.000
1791115631.572,6,2,0.000,0.000
1791115631.572,3,1,0.000,0.000
1791115631.572,3,2,0.000,0.000
1791115631.572,2,1,0.008,0.000
1791115631.572,2,2,0.008,0.001
1791115631.572,5,1,0.008,0.000
1791115631.572,5,2,0.008,0.001
1791115631.573,1,1,0.007,0.000
1791115631.573,1,2,0.000,0.000
1791115632.571,4,1,0.008,0.000
1791115632.571,4,2,0.002,0.000
1791115632.574,5,1,0.008,0.000
1791115632.574,5,2,0.009,0.001
1791115632.574,3,1,0.002,0.000
1791115632.574,3,2,0.000,0.000
1791115632.574,6,1,0.000,0.000
1791115632.574,6,2,0.002,0.000
1791115632.574,2,1,0.008,0.000
1791115632.574,2,2,0.009,0.001
1791115632.574,1,1,0.009,0.000
1791115632.574,1,2,0.002,0.000
1791115633.593,4,1,0.006,0.000
1791115633.593,4,2,0.000,0.000
1791115633.594,2,1,0.006,0.000
1791115633.594,2,2,0.005,0.000
1791115633.594,6,1,0.002,0.000
1791115633.594,6,2,0.000,0.000
1791115633.594,1,1,0.005,0.000
1791115633.594,1,2,0.000,0.000
1791115633.594,5,1,0.006,0.000
1791115633.594,5,2,0.005,0.000
1791115633.594,3,1,0.000,0.000
1791115633.594,3,2,0.002,0.000
